Order ID,Customer Name,Amount Due,Status,Email
ORD0001,Customer 1,500,Pending,customer1@example.com
ORD0002,Customer 2,0,Paid,customer2@example.com
ORD0003,Customer 3,0,Paid,customer3@example.com
ORD0004,Customer 4,0,Paid,customer4@example.com
ORD0005,Customer 5,0,Paid,customer5@example.com
ORD0006,Customer 6,1000,Pending,customer6@example.com
ORD0007,Customer 7,0,Paid,customer7@example.com
ORD0008,Customer 8,0,Paid,customer8@example.com
ORD0009,Customer 9,10000,Pending,customer9@example.com
ORD0010,Customer 10,500,Pending,customer10@example.com
ORD0011,Customer 11,0,Paid,customer11@example.com
ORD0012,Customer 12,0,Paid,customer12@example.com
ORD0013,Customer 13,10000,Pending,customer13@example.com
ORD0014,Customer 14,1000,Pending,customer14@example.com
ORD0015,Customer 15,500,Pending,customer15@example.com
ORD0016,Customer 16,2000,Pending,customer16@example.com
ORD0017,Customer 17,2000,Pending,customer17@example.com
ORD0018,Customer 18,0,Paid,customer18@example.com
ORD0019,Customer 19,0,Paid,customer19@example.com
ORD0020,Customer 20,10000,Pending,customer20@example.com
ORD0021,Customer 21,500,Pending,customer21@example.com
ORD0022,Customer 22,2000,Pending,customer22@example.com
ORD0023,Customer 23,0,Paid,customer23@example.com
ORD0024,Customer 24,500,Pending,customer24@example.com
ORD0025,Customer 25,5000,Pending,customer25@example.com
ORD0026,Customer 26,500,Pending,customer26@example.com
ORD0027,Customer 27,2000,Pending,customer27@example.com
ORD0028,Customer 28,0,Paid,customer28@example.com
ORD0029,Customer 29,1000,Pending,customer29@example.com
ORD0030,Customer 30,5000,Pending,customer30@example.com
ORD0031,Customer 31,500,Pending,customer31@example.com
ORD0032,Customer 32,0,Paid,customer32@example.com
ORD0033,Customer 33,5000,Pending,customer33@example.com
ORD0034,Customer 34,0,Paid,customer34@example.com
ORD0035,Customer 35,0,Paid,customer35@example.com
ORD0036,Customer 36,5000,Pending,customer36@example.com
ORD0037,Customer 37,0,Paid,customer37@example.com
ORD0038,Customer 38,10000,Pending,customer38@example.com
ORD0039,Customer 39,0,Paid,customer39@example.com
ORD0040,Customer 40,0,Paid,customer40@example.com
ORD0041,Customer 41,500,Pending,customer41@example.com
ORD0042,Customer 42,0,Paid,customer42@example.com
ORD0043,Customer 43,2000,Pending,customer43@example.com
ORD0044,Customer 44,0,Paid,customer44@example.com
ORD0045,Customer 45,0,Paid,customer45@example.com
ORD0046,Customer 46,0,Paid,customer46@example.com
ORD0047,Customer 47,0,Paid,customer47@example.com
ORD0048,Customer 48,1000,Pending,customer48@example.com
ORD0049,Customer 49,0,Paid,customer49@example.com
ORD0050,Customer 50,0,Paid,customer50@example.com
ORD0051,Customer 51,500,Pending,customer51@example.com
ORD0052,Customer 52,0,Paid,customer52@example.com
ORD0053,Customer 53,10000,Pending,customer53@example.com
ORD0054,Customer 54,500,Pending,customer54@example.com
ORD0055,Customer 55,10000,Pending,customer55@example.com
ORD0056,Customer 56,0,Paid,customer56@example.com
ORD0057,Customer 57,500,Pending,customer57@example.com
ORD0058,Customer 58,0,Paid,customer58@example.com
ORD0059,Customer 59,0,Paid,customer59@example.com
ORD0060,Customer 60,500,Pending,customer60@example.com
ORD0061,Customer 61,500,Pending,customer61@example.com
ORD0062,Customer 62,0,Paid,customer62@example.com
ORD0063,Customer 63,0,Paid,customer63@example.com
ORD0064,Customer 64,0,Paid,customer64@example.com
ORD0065,Customer 65,10000,Pending,customer65@example.com
ORD0066,Customer 66,2000,Pending,customer66@example.com
ORD0067,Customer 67,2000,Pending,customer67@example.com
ORD0068,Customer 68,10000,Pending,customer68@example.com
ORD0069,Customer 69,5000,Pending,customer69@example.com
ORD0070,Customer 70,0,Paid,customer70@example.com
ORD0071,Customer 71,500,Pending,customer71@example.com
ORD0072,Customer 72,0,Paid,customer72@example.com
ORD0073,Customer 73,5000,Pending,customer73@example.com
ORD0074,Customer 74,2000,Pending,customer74@example.com
ORD0075,Customer 75,10000,Pending,customer75@example.com
ORD0076,Customer 76,1000,Pending,customer76@example.com
ORD0077,Customer 77,5000,Pending,customer77@example.com
ORD0078,Customer 78,1000,Pending,customer78@example.com
ORD0079,Customer 79,10000,Pending,customer79@example.com
ORD0080,Customer 80,0,Paid,customer80@example.com
ORD0081,Customer 81,0,Paid,customer81@example.com
ORD0082,Customer 82,1000,Pending,customer82@example.com
ORD0083,Customer 83,2000,Pending,customer83@example.com
ORD0084,Customer 84,10000,Pending,customer84@example.com
ORD0085,Customer 85,10000,Pending,customer85@example.com
ORD0086,Customer 86,0,Paid,customer86@example.com
ORD0087,Customer 87,0,Paid,customer87@example.com
ORD0088,Customer 88,1000,Pending,customer88@example.com
ORD0089,Customer 89,0,Paid,customer89@example.com
ORD0090,Customer 90,0,Paid,customer90@example.com
ORD0091,Customer 91,1000,Pending,customer91@example.com
ORD0092,Customer 92,5000,Pending,customer92@example.com
ORD0093,Customer 93,5000,Pending,customer93@example.com
ORD0094,Customer 94,0,Paid,customer94@example.com
ORD0095,Customer 95,0,Paid,customer95@example.com
ORD0096,Customer 96,5000,Pending,customer96@example.com
ORD0097,Customer 97,10000,Pending,customer97@example.com
ORD0098,Customer 98,0,Paid,customer98@example.com
ORD0099,Customer 99,0,Paid,customer99@example.com
ORD0100,Customer 100,1000,Pending,customer100@example.com
